Centro comercial,Distrito
Centro Comercial Tiro Suizo,Sur
Centro Comercial Fisherton,Noroeste
Centro Comercial Empalme Graneros,Noroeste
Paseo calle Mendoza - Azcuénaga,Noroeste
Centro Comercial Belgrano,Noroeste
Centro Comercial Paseo Alberdi,Norte
Centro Comercial Florida,Norte
Sabores de la Costa,Norte
Paseo Industrial,Norte
Paseo Echesortu,Centro
Peatonal Córdoba,Centro
Peatonal San Martín,Centro
Paseo de las carretas,Centro
Centro Comercial Santa Fe,Centro
Paseo Pellegrini,Centro
Centro Comercial San Luis,Centro
Centro Comercial Maipú,Centro
Centro Comercial Salta,Centro
Paseo Cafferata,Centro
Echesortu Oeste,Centro
Asociación Amigos Calle Corrientes,Centro
Puerto Norte,Centro
Mercado Pichincha,Centro
Galería Rosario,Centro
Galería del Paseo,Centro
Giros Libertad,Centro
Galeria Libertad II,Centro
Galería Favorita,Centro
