"id_distrito","departamento","distrito","tipo_de_vivienda","hogares"
"1306","Belgrano","Armstrong","Casa",3634
"1301","Belgrano","Bouquet","Casa",469
"1303","Belgrano","Las Parejas","Casa",3814
"1302","Belgrano","Las Rosas","Casa",4307
"1304","Belgrano","Montes de Oca","Casa",1034
"1305","Belgrano","Tortugas","Casa",823
"1803","Caseros","Arequito","Casa",2307
"1801","Caseros","Arteaga","Casa",1152
"1811","Caseros","Berabevú","Casa",806
"1807","Caseros","Bigand","Casa",1748
"1805","Caseros","Casilda","Casa",10894
"1808","Caseros","Chabás","Casa",2385
"1812","Caseros","Chañar Ladeado","Casa",2006
"1813","Caseros","Gödeken","Casa",588
"1804","Caseros","Los Molinos","Casa",616
"1810","Caseros","Los Quirquinchos","Casa",914
"1806","Caseros","Sanford","Casa",631
"1802","Caseros","San José de la Esquina","Casa",2394
"1809","Caseros","Villada","Casa",461
"0837","Castellanos","Angélica","Casa",520
"0812","Castellanos","Ataliva","Casa",696
"0826","Castellanos","Aurelia","Casa",86
"0832","Castellanos","Bauer y Sigel","Casa",153
"0825","Castellanos","Bella Italia","Casa",376
"0822","Castellanos","Colonia Castellanos","Casa",92
"0810","Castellanos","Colonia Aldao","Casa",573
"0807","Castellanos","Colonia Bicha","Casa",103
"0816","Castellanos","Colonia Bigand","Casa",52
"0834","Castellanos","Colonia Cello","Casa",96
"0805","Castellanos","Tacural","Casa",468
"0836","Castellanos","Colonia Iturraspe","Casa",5
"0845","Castellanos","Colonia Margarita","Casa",118
"0804","Castellanos","Colonia Raquel","Casa",140
"0806","Castellanos","Tacurales","Casa",145
"0820","Castellanos","Coronel Fraga","Casa",133
"0815","Castellanos","Egusquiza","Casa",143
"0842","Castellanos","Esmeralda","Casa",279
"0838","Castellanos","Estación Clucellas","Casa",303
"0808","Castellanos","Eusebia","Casa",308
"0839","Castellanos","Eustolia","Casa",44
"0817","Castellanos","Fidela","Casa",52
"0841","Castellanos","Frontera","Casa",2852
"0813","Castellanos","Galisteo","Casa",82
"0843","Castellanos","Garibaldi","Casa",110
"0809","Castellanos","Colonia Hugentobler","Casa",52
"0803","Castellanos","Humberto Primo","Casa",1701
"0833","Castellanos","Josefina","Casa",755
"0814","Castellanos","Lehmann","Casa",864
"0844","Castellanos","María Juana","Casa",1754
"0802","Castellanos","Colonia Mauá","Casa",21
"0835","Castellanos","Clucellas","Casa",543
"0823","Castellanos","Presidente Roca","Casa",291
"0818","Castellanos","Pueblo Marini","Casa",57
"0824","Castellanos","Rafaela","Casa",27379
"0819","Castellanos","Ramona","Casa",604
"0829","Castellanos","Estación Saguier","Casa",163
"0830","Castellanos","San Antonio","Casa",125
"0831","Castellanos","Santa Clara de Saguier","Casa",802
"0846","Castellanos","San Vicente","Casa",2158
"0811","Castellanos","Sunchales","Casa",6843
"0827","Castellanos","Susana","Casa",437
"0821","Castellanos","Vila","Casa",508
"0828","Castellanos","Villa San José","Casa",113
"0801","Castellanos","Virginia","Casa",95
"0840","Castellanos","Zenón Pereyra","Casa",598
"1902","Constitución","Alcorta","Casa",2560
"1901","Constitución","Bombal","Casa",1053
"1911","Constitución","Cañada Rica","Casa",244
"1908","Constitución","Cepeda","Casa",149
"1916","Constitución","Empalme Villa Constitución","Casa",1936
"1912","Constitución","General Gelly","Casa",261
"1914","Constitución","Godoy","Casa",457
"1913","Constitución","Juan B. Molina","Casa",489
"1903","Constitución","Juncal","Casa",391
"1907","Constitución","La Vanguardia","Casa",150
"1904","Constitución","Máximo Paz (Est. Paz)","Casa",1237
"1905","Constitución","Pavón Arriba","Casa",621
"1910","Constitución","Peyrano","Casa",887
"1915","Constitución","Rueda","Casa",209
"1906","Constitución","Santa Teresa","Casa",1122
"1909","Constitución","Sargento Cabral","Casa",366
"1917","Constitución","Theobald","Casa",145
"1918","Constitución","Villa Constitución","Casa",13403
"1919","Constitución","Pavón","Casa",533
"0506","Garay","Saladero Mariano Cabal","Casa",193
"0502","Garay","Cayastá","Casa",1232
"0501","Garay","Helvecia","Casa",1996
"0503","Garay","Santa Rosa de Calchines","Casa",1701
"0505","Garay","Colonia Mascías","Casa",297
"1729","General López","Aarón Castellanos (Est. Castellanos)","Casa",101
"1731","General López","Amenábar","Casa",607
"1701","General López","Cafferata","Casa",548
"1705","General López","Cañada del Ucle","Casa",349
"1711","General López","Carmen","Casa",641
"1708","General López","Carreras","Casa",705
"1712","General López","Chapuy","Casa",200
"1703","General López","Murphy","Casa",1215
"1704","General López","Chovet","Casa",801
"1725","General López","Christophersen","Casa",261
"1730","General López","Diego de Alvear","Casa",634
"1710","General López","Elortondo","Casa",2120
"1706","General López","Firmat","Casa",6254
"1720","General López","Hughes","Casa",1551
"1721","General López","Labordeboy","Casa",374
"1702","General López","La Chispa","Casa",139
"1728","General López","Lazzarino","Casa",137
"1715","General López","Maggiolo","Casa",675
"1717","General López","María Teresa","Casa",1286
"1709","General López","Melincué","Casa",769
"1707","General López","Miguel Torres","Casa",134
"1727","General López","Rufino","Casa",6402
"1726","General López","Sancti Spiritu","Casa",1238
"1716","General López","San Eduardo","Casa",397
"1714","General López","San Francisco de Santa Fe","Casa",138
"1724","General López","San Gregorio","Casa",1554
"1718","General López","Santa Isabel","Casa",1527
"1723","General López","Teodelina","Casa",2205
"1713","General López","Venado Tuerto","Casa",22443
"1719","General López","Villa Cañás","Casa",3173
"1722","General López","Wheelwright","Casa",2006
"0328","General Obligado","Nicanor Molinas","Casa",188
"0327","General Obligado","Guadalupe Norte","Casa",332
"0319","General Obligado","Avellaneda","Casa",6466
"0314","General Obligado","Arroyo Ceibal","Casa",344
"0322","General Obligado","Berna","Casa",198
"0323","General Obligado","Malabrigo","Casa",2075
"0302","General Obligado","Florencia","Casa",1720
"0312","General Obligado","Ingeniero Chanourdie","Casa",227
"0316","General Obligado","Lanteri","Casa",615
"0315","General Obligado","Las Garzas","Casa",361
"0313","General Obligado","El Sombrerito","Casa",260
"0305","General Obligado","Las Toscas","Casa",3082
"0303","General Obligado","El Rabón","Casa",391
"0320","General Obligado","Reconquista","Casa",18125
"0324","General Obligado","Los Laureles","Casa",348
"0306","General Obligado","San Antonio de Obligado","Casa",687
"0307","General Obligado","Tacuarendí","Casa",766
"0309","General Obligado","Villa Ana","Casa",878
"0304","General Obligado","Villa Guillermina","Casa",1214
"0308","General Obligado","Villa Ocampo","Casa",4961
"0321","General Obligado","El Arazá","Casa",206
"0326","General Obligado","La Sarita","Casa",408
"1405","Iriondo","Pueblo Andino","Casa",707
"1409","Iriondo","Bustinza","Casa",520
"1410","Iriondo","Cañada de Gómez","Casa",9309
"1403","Iriondo","Carrizales (Est. Clarke)","Casa",365
"1401","Iriondo","Clason","Casa",323
"1411","Iriondo","Correa","Casa",1894
"1408","Iriondo","Salto Grande","Casa",730
"1407","Iriondo","Lucio V. López","Casa",218
"1404","Iriondo","Oliveros","Casa",1361
"1402","Iriondo","Totoras","Casa",3348
"1406","Iriondo","Serodino","Casa",1149
"1412","Iriondo","Villa Eloísa","Casa",1107
"1008","La Capital","Arroyo Aguiar","Casa",425
"1002","La Capital","Cabal","Casa",74
"1007","La Capital","Candioti","Casa",334
"1001","La Capital","Emilia","Casa",319
"1005","La Capital","Laguna Paiva","Casa",3828
"1003","La Capital","Llambi Campbell","Casa",766
"1009","La Capital","Monte Vera","Casa",2227
"1006","La Capital","Nelson","Casa",1473
"1010","La Capital","Recreo","Casa",3828
"1004","La Capital","Campo Andino","Casa",154
"1011","La Capital","Santa Fe","Casa",100995
"1012","La Capital","Santo Tomé","Casa",17920
"1013","La Capital","Sauce Viejo","Casa",2434
"1015","La Capital","Arroyo Leyes","Casa",834
"1016","La Capital","San José del Rincón","Casa",2978
"0917","Las Colonias","Cavour","Casa",101
"0915","Las Colonias","Cululú","Casa",121
"0901","Las Colonias","Elisa","Casa",576
"0927","Las Colonias","Empalme San Carlos","Casa",100
"0916","Las Colonias","Esperanza","Casa",12819
"0912","Las Colonias","Felicia","Casa",759
"0926","Las Colonias","Franck","Casa",1709
"0913","Las Colonias","Grutly","Casa",301
"0910","Las Colonias","Hipatia","Casa",151
"0918","Las Colonias","Humboldt","Casa",1549
"0904","Las Colonias","Ituzaingó","Casa",28
"0902","Las Colonias","Jacinto L. Aráuz","Casa",69
"0903","Las Colonias","La Pelada","Casa",428
"0924","Las Colonias","Las Tunas","Casa",155
"0907","Las Colonias","María Luisa","Casa",233
"0936","Las Colonias","Matilde","Casa",288
"0919","Las Colonias","Nuevo Torino","Casa",250
"0920","Las Colonias","Pilar","Casa",1557
"0909","Las Colonias","Progreso","Casa",815
"0906","Las Colonias","Providencia","Casa",286
"0925","Las Colonias","Pujato Norte","Casa",44
"0914","Las Colonias","Rivadavia","Casa",68
"0932","Las Colonias","Sa Pereira","Casa",609
"0929","Las Colonias","San Agustín","Casa",327
"0935","Las Colonias","San Carlos Centro","Casa",3731
"0930","Las Colonias","San Carlos Norte","Casa",312
"0937","Las Colonias","San Carlos Sud","Casa",675
"0931","Las Colonias","San Jerónimo del Sauce","Casa",287
"0923","Las Colonias","San Jerónimo Norte","Casa",2167
"0928","Las Colonias","Colonia San José","Casa",103
"0933","Las Colonias","San Mariano","Casa",118
"0934","Las Colonias","Santa Clara de Buena Vista","Casa",1001
"0921","Las Colonias","Santa María Centro","Casa",48
"0922","Las Colonias","Santa María Norte","Casa",62
"0908","Las Colonias","Santo Domingo","Casa",555
"0911","Las Colonias","Sarmiento","Casa",538
"0905","Las Colonias","Soutomayor","Casa",53
"0103","9 de Julio","San Bernardo","Casa",218
"0107","9 de Julio","Esteban Rams","Casa",109
"0109","9 de Julio","Campo Garay (Juan de Garay)","Casa",18
"0106","9 de Julio","Logroño","Casa",269
"0101","9 de Julio","Gregoria Pérez de Denis (Est. El Nochero)","Casa",524
"0108","9 de Julio","Montefiore","Casa",92
"0110","9 de Julio","Villa Minetti","Casa",1525
"0104","9 de Julio","Pozo Borrado","Casa",411
"0111","9 de Julio","Santa Margarita","Casa",357
"0102","9 de Julio","Gato Colorado","Casa",367
"0105","9 de Julio","Tostado","Casa",4515
"1613","Rosario","Acebal","Casa",1658
"1621","Rosario","Albarellos","Casa",109
"1611","Rosario","Álvarez","Casa",1883
"1609","Rosario","Alvear","Casa",1274
"1623","Rosario","Arminda","Casa",103
"1618","Rosario","Arroyo Seco","Casa",6338
"1614","Rosario","Carmen del Sauce","Casa",246
"1615","Rosario","Coronel Domínguez","Casa",343
"1619","Rosario","Fighiera","Casa",1548
"1604","Rosario","Funes","Casa",7288
"1602","Rosario","Granadero Baigorria","Casa",10207
"1601","Rosario","Ibarlucea","Casa",1257
"1606","Rosario","Pérez","Casa",7313
"1610","Rosario","Piñero (Est. Erasto)","Casa",366
"1625","Rosario","Pueblo Esther","Casa",2138
"1612","Rosario","Pueblo Muñoz (Est. Bernard)","Casa",192
"1620","Rosario","Coronel Bogado","Casa",731
"1603","Rosario","Rosario","Casa",209988
"1607","Rosario","Soldini","Casa",950
"1622","Rosario","Uranga","Casa",307
"1616","Rosario","Villa Amelia","Casa",436
"1608","Rosario","Villa Gobernador Gálvez","Casa",20233
"1605","Rosario","Zavalla","Casa",1681
"1617","Rosario","General Lagos","Casa",1131
"0706","San Cristóbal","Aguará Grande","Casa",136
"0703","San Cristóbal","Ambrosetti","Casa",385
"0711","San Cristóbal","Arrufó","Casa",683
"0718","San Cristóbal","Capivara","Casa",101
"0701","San Cristóbal","Ceres","Casa",4723
"0713","San Cristóbal","Colonia Ana","Casa",80
"0729","San Cristóbal","Colonia Bossi","Casa",130
"0721","San Cristóbal","Colonia La Clara","Casa",54
"0715","San Cristóbal","Colonia Rosa","Casa",295
"0723","San Cristóbal","Constanza","Casa",82
"0717","San Cristóbal","Curupaytí","Casa",156
"0728","San Cristóbal","Colonia Dos Rosas y La Legua","Casa",94
"0702","San Cristóbal","Hersilia","Casa",1022
"0704","San Cristóbal","Huanqueros","Casa",273
"0720","San Cristóbal","La Lucila","Casa",90
"0712","San Cristóbal","La Rubia","Casa",154
"0705","San Cristóbal","Las Avispas","Casa",67
"0730","San Cristóbal","Las Palmeras","Casa",196
"0724","San Cristóbal","Moisés Ville","Casa",800
"0725","San Cristóbal","Monigotes","Casa",136
"0727","San Cristóbal","Monte Oscuridad","Casa",199
"0719","San Cristóbal","Ñanducita","Casa",58
"0731","San Cristóbal","Palacios","Casa",157
"0710","San Cristóbal","Portugalete","Casa",60
"0708","San Cristóbal","San Cristóbal","Casa",4880
"0716","San Cristóbal","San Guillermo","Casa",2450
"0709","San Cristóbal","Santurce","Casa",38
"0722","San Cristóbal","Soledad","Casa",444
"0726","San Cristóbal","Suardi","Casa",2117
"0707","San Cristóbal","Villa Saralegui","Casa",212
"0714","San Cristóbal","Villa Trinidad","Casa",979
"0732","San Cristóbal","La Cabral","Casa",83
"0403","San Javier","Alejandra","Casa",1019
"0405","San Javier","Cacique Ariacaiquín","Casa",75
"0401","San Javier","Romang","Casa",2537
"0402","San Javier","Colonia Durán","Casa",225
"0404","San Javier","San Javier","Casa",3980
"0406","San Javier","La Brava","Casa",149
"1110","San Jerónimo","Arocena","Casa",662
"1115","San Jerónimo","Barrancas","Casa",1703
"1113","San Jerónimo","Bernardo de Irigoyen (Est. Irigoyen)","Casa",599
"1107","San Jerónimo","Campo Piaggio","Casa",31
"1114","San Jerónimo","Casalegno","Casa",85
"1122","San Jerónimo","Centeno","Casa",1009
"1105","San Jerónimo","Coronda","Casa",4946
"1104","San Jerónimo","Desvío Arijón","Casa",734
"1119","San Jerónimo","Díaz","Casa",572
"1117","San Jerónimo","Gaboto","Casa",796
"1108","San Jerónimo","Gálvez","Casa",6246
"1102","San Jerónimo","Gessler","Casa",350
"1112","San Jerónimo","Irigoyen (Pueblo)","Casa",313
"1103","San Jerónimo","Larrechea","Casa",169
"1106","San Jerónimo","Loma Alta","Casa",105
"1101","San Jerónimo","López","Casa",476
"1118","San Jerónimo","Maciel","Casa",1783
"1109","San Jerónimo","San Eugenio","Casa",81
"1111","San Jerónimo","San Fabián","Casa",296
"1121","San Jerónimo","San Genaro","Casa",2943
"1116","San Jerónimo","Monje","Casa",794
"0614","San Justo","Angeloni","Casa",95
"0617","San Justo","Cayastacito","Casa",122
"0616","San Justo","Colonia Esther","Casa",33
"0607","San Justo","Gobernador Crespo","Casa",1694
"0605","San Justo","La Criolla (Est. Cañadita)","Casa",718
"0606","San Justo","La Penca y Caraguatá","Casa",139
"0609","San Justo","Marcelino Escalada","Casa",552
"0612","San Justo","Naré","Casa",152
"0601","San Justo","Pedro Gómez Cello","Casa",209
"0610","San Justo","Ramayón","Casa",224
"0613","San Justo","San Bernardo","Casa",31
"0611","San Justo","San Justo","Casa",7049
"0604","San Justo","San Martín Norte","Casa",205
"0603","San Justo","Vera y Pintado","Casa",370
"0602","San Justo","La Camila","Casa",59
"0615","San Justo","Videla","Casa",775
"0608","San Justo","Silva","Casa",165
"0618","San Justo","Colonia Dolores","Casa",126
"1507","San Lorenzo","Aldao","Casa",235
"1511","San Lorenzo","Roldán","Casa",4135
"1505","San Lorenzo","Capitán Bermúdez","Casa",8655
"1509","San Lorenzo","Carcarañá","Casa",4964
"1513","San Lorenzo","Coronel Arnold","Casa",311
"1504","San Lorenzo","Fray Luis Beltrán","Casa",4349
"1514","San Lorenzo","Fuentes","Casa",1179
"1501","San Lorenzo","Timbúes","Casa",1184
"1508","San Lorenzo","Luis Palacios","Casa",323
"1502","San Lorenzo","Puerto General San Martín","Casa",3592
"1512","San Lorenzo","Pujato","Casa",1158
"1506","San Lorenzo","Ricardone","Casa",754
"1510","San Lorenzo","San Jerónimo Sud","Casa",895
"1503","San Lorenzo","San Lorenzo","Casa",12878
"1515","San Lorenzo","Villa Mugueta","Casa",765
"1206","San Martín","Cañada Rosquín","Casa",1793
"1211","San Martín","Carlos Pellegrini","Casa",1764
"1212","San Martín","Casas","Casa",277
"1201","San Martín","Castelar","Casa",269
"1205","San Martín","Colonia Belgrano","Casa",438
"1202","San Martín","Crispi","Casa",167
"1215","San Martín","El Trébol","Casa",3845
"1210","San Martín","Landeta","Casa",515
"1213","San Martín","Las Bandurrias","Casa",81
"1209","San Martín","Las Petacas","Casa",369
"1214","San Martín","Los Cardos","Casa",481
"1217","San Martín","María Susana","Casa",1153
"1216","San Martín","Piamonte","Casa",1228
"1208","San Martín","San Jorge","Casa",5790
"1204","San Martín","San Martín de las Escobas","Casa",875
"1203","San Martín","Sastre","Casa",1998
"1207","San Martín","Traill","Casa",61
"0211","Vera","Garabato","Casa",471
"0209","Vera","Golondrina","Casa",201
"0208","Vera","Cañada Ombú","Casa",182
"0210","Vera","Intiyaco","Casa",378
"0212","Vera","Los Amores","Casa",330
"0213","Vera","Tartagal","Casa",433
"0205","Vera","Calchaquí","Casa",3063
"0202","Vera","Vera","Casa",5608
"0206","Vera","Toba","Casa",192
"0207","Vera","Fortín Olmos","Casa",806
"0204","Vera","Margarita","Casa",1250
"0203","Vera","La Gallareta","Casa",783
"1306","Belgrano","Armstrong","Rancho",5
"1303","Belgrano","Las Parejas","Rancho",7
"1302","Belgrano","Las Rosas","Rancho",7
"1305","Belgrano","Tortugas","Rancho",3
"1803","Caseros","Arequito","Rancho",7
"1801","Caseros","Arteaga","Rancho",2
"1811","Caseros","Berabevú","Rancho",2
"1807","Caseros","Bigand","Rancho",13
"1805","Caseros","Casilda","Rancho",98
"1808","Caseros","Chabás","Rancho",8
"1812","Caseros","Chañar Ladeado","Rancho",7
"1804","Caseros","Los Molinos","Rancho",3
"1810","Caseros","Los Quirquinchos","Rancho",4
"1806","Caseros","Sanford","Rancho",6
"1802","Caseros","San José de la Esquina","Rancho",9
"1809","Caseros","Villada","Rancho",2
"0837","Castellanos","Angélica","Rancho",2
"0812","Castellanos","Ataliva","Rancho",1
"0826","Castellanos","Aurelia","Rancho",1
"0825","Castellanos","Bella Italia","Rancho",1
"0810","Castellanos","Colonia Aldao","Rancho",1
"0805","Castellanos","Tacural","Rancho",4
"0845","Castellanos","Colonia Margarita","Rancho",8
"0841","Castellanos","Frontera","Rancho",19
"0803","Castellanos","Humberto Primo","Rancho",10
"0833","Castellanos","Josefina","Rancho",1
"0814","Castellanos","Lehmann","Rancho",9
"0844","Castellanos","María Juana","Rancho",1
"0835","Castellanos","Clucellas","Rancho",3
"0824","Castellanos","Rafaela","Rancho",77
"0819","Castellanos","Ramona","Rancho",3
"0831","Castellanos","Santa Clara de Saguier","Rancho",2
"0846","Castellanos","San Vicente","Rancho",3
"0811","Castellanos","Sunchales","Rancho",5
"0827","Castellanos","Susana","Rancho",1
"0821","Castellanos","Vila","Rancho",1
"0840","Castellanos","Zenón Pereyra","Rancho",2
"1902","Constitución","Alcorta","Rancho",15
"1901","Constitución","Bombal","Rancho",1
"1908","Constitución","Cepeda","Rancho",1
"1916","Constitución","Empalme Villa Constitución","Rancho",6
"1912","Constitución","General Gelly","Rancho",1
"1914","Constitución","Godoy","Rancho",2
"1913","Constitución","Juan B. Molina","Rancho",4
"1903","Constitución","Juncal","Rancho",1
"1907","Constitución","La Vanguardia","Rancho",1
"1904","Constitución","Máximo Paz (Est. Paz)","Rancho",4
"1905","Constitución","Pavón Arriba","Rancho",3
"1910","Constitución","Peyrano","Rancho",1
"1915","Constitución","Rueda","Rancho",2
"1906","Constitución","Santa Teresa","Rancho",8
"1909","Constitución","Sargento Cabral","Rancho",3
"1917","Constitución","Theobald","Rancho",2
"1918","Constitución","Villa Constitución","Rancho",189
"1919","Constitución","Pavón","Rancho",2
"0506","Garay","Saladero Mariano Cabal","Rancho",30
"0502","Garay","Cayastá","Rancho",56
"0501","Garay","Helvecia","Rancho",146
"0503","Garay","Santa Rosa de Calchines","Rancho",82
"0505","Garay","Colonia Mascías","Rancho",27
"1729","General López","Aarón Castellanos (Est. Castellanos)","Rancho",8
"1731","General López","Amenábar","Rancho",11
"1701","General López","Cafferata","Rancho",2
"1711","General López","Carmen","Rancho",6
"1708","General López","Carreras","Rancho",1
"1712","General López","Chapuy","Rancho",2
"1703","General López","Murphy","Rancho",1
"1704","General López","Chovet","Rancho",3
"1725","General López","Christophersen","Rancho",5
"1730","General López","Diego de Alvear","Rancho",7
"1710","General López","Elortondo","Rancho",5
"1706","General López","Firmat","Rancho",36
"1720","General López","Hughes","Rancho",6
"1721","General López","Labordeboy","Rancho",1
"1702","General López","La Chispa","Rancho",2
"1715","General López","Maggiolo","Rancho",6
"1717","General López","María Teresa","Rancho",12
"1709","General López","Melincué","Rancho",1
"1727","General López","Rufino","Rancho",31
"1726","General López","Sancti Spiritu","Rancho",15
"1716","General López","San Eduardo","Rancho",2
"1714","General López","San Francisco de Santa Fe","Rancho",11
"1724","General López","San Gregorio","Rancho",16
"1718","General López","Santa Isabel","Rancho",12
"1723","General López","Teodelina","Rancho",11
"1713","General López","Venado Tuerto","Rancho",131
"1719","General López","Villa Cañás","Rancho",21
"1722","General López","Wheelwright","Rancho",9
"0328","General Obligado","Nicanor Molinas","Rancho",25
"0327","General Obligado","Guadalupe Norte","Rancho",27
"0319","General Obligado","Avellaneda","Rancho",150
"0314","General Obligado","Arroyo Ceibal","Rancho",29
"0322","General Obligado","Berna","Rancho",23
"0323","General Obligado","Malabrigo","Rancho",26
"0302","General Obligado","Florencia","Rancho",242
"0312","General Obligado","Ingeniero Chanourdie","Rancho",62
"0316","General Obligado","Lanteri","Rancho",83
"0315","General Obligado","Las Garzas","Rancho",111
"0313","General Obligado","El Sombrerito","Rancho",63
"0305","General Obligado","Las Toscas","Rancho",127
"0303","General Obligado","El Rabón","Rancho",100
"0320","General Obligado","Reconquista","Rancho",322
"0324","General Obligado","Los Laureles","Rancho",65
"0306","General Obligado","San Antonio de Obligado","Rancho",39
"0307","General Obligado","Tacuarendí","Rancho",61
"0309","General Obligado","Villa Ana","Rancho",126
"0304","General Obligado","Villa Guillermina","Rancho",82
"0308","General Obligado","Villa Ocampo","Rancho",514
"0321","General Obligado","El Arazá","Rancho",4
"0326","General Obligado","La Sarita","Rancho",56
"1405","Iriondo","Pueblo Andino","Rancho",2
"1409","Iriondo","Bustinza","Rancho",4
"1410","Iriondo","Cañada de Gómez","Rancho",38
"1403","Iriondo","Carrizales (Est. Clarke)","Rancho",5
"1401","Iriondo","Clason","Rancho",1
"1411","Iriondo","Correa","Rancho",10
"1408","Iriondo","Salto Grande","Rancho",6
"1407","Iriondo","Lucio V. López","Rancho",8
"1404","Iriondo","Oliveros","Rancho",12
"1402","Iriondo","Totoras","Rancho",28
"1406","Iriondo","Serodino","Rancho",6
"1412","Iriondo","Villa Eloísa","Rancho",1
"1008","La Capital","Arroyo Aguiar","Rancho",10
"1007","La Capital","Candioti","Rancho",6
"1005","La Capital","Laguna Paiva","Rancho",38
"1003","La Capital","Llambi Campbell","Rancho",1
"1009","La Capital","Monte Vera","Rancho",35
"1006","La Capital","Nelson","Rancho",9
"1010","La Capital","Recreo","Rancho",88
"1004","La Capital","Campo Andino","Rancho",5
"1011","La Capital","Santa Fe","Rancho",950
"1012","La Capital","Santo Tomé","Rancho",157
"1013","La Capital","Sauce Viejo","Rancho",33
"1015","La Capital","Arroyo Leyes","Rancho",48
"1016","La Capital","San José del Rincón","Rancho",73
"0901","Las Colonias","Elisa","Rancho",2
"0927","Las Colonias","Empalme San Carlos","Rancho",2
"0916","Las Colonias","Esperanza","Rancho",65
"0912","Las Colonias","Felicia","Rancho",1
"0926","Las Colonias","Franck","Rancho",2
"0918","Las Colonias","Humboldt","Rancho",2
"0903","Las Colonias","La Pelada","Rancho",1
"0936","Las Colonias","Matilde","Rancho",2
"0920","Las Colonias","Pilar","Rancho",4
"0909","Las Colonias","Progreso","Rancho",4
"0906","Las Colonias","Providencia","Rancho",8
"0929","Las Colonias","San Agustín","Rancho",1
"0935","Las Colonias","San Carlos Centro","Rancho",6
"0930","Las Colonias","San Carlos Norte","Rancho",6
"0937","Las Colonias","San Carlos Sud","Rancho",11
"0931","Las Colonias","San Jerónimo del Sauce","Rancho",3
"0928","Las Colonias","Colonia San José","Rancho",2
"0934","Las Colonias","Santa Clara de Buena Vista","Rancho",5
"0908","Las Colonias","Santo Domingo","Rancho",1
"0103","9 de Julio","San Bernardo","Rancho",13
"0107","9 de Julio","Esteban Rams","Rancho",1
"0106","9 de Julio","Logroño","Rancho",1
"0101","9 de Julio","Gregoria Pérez de Denis (Est. El Nochero)","Rancho",43
"0108","9 de Julio","Montefiore","Rancho",1
"0110","9 de Julio","Villa Minetti","Rancho",42
"0104","9 de Julio","Pozo Borrado","Rancho",5
"0111","9 de Julio","Santa Margarita","Rancho",9
"0102","9 de Julio","Gato Colorado","Rancho",24
"0105","9 de Julio","Tostado","Rancho",28
"1613","Rosario","Acebal","Rancho",4
"1621","Rosario","Albarellos","Rancho",1
"1611","Rosario","Álvarez","Rancho",10
"1609","Rosario","Alvear","Rancho",33
"1618","Rosario","Arroyo Seco","Rancho",56
"1614","Rosario","Carmen del Sauce","Rancho",5
"1615","Rosario","Coronel Domínguez","Rancho",2
"1619","Rosario","Fighiera","Rancho",13
"1604","Rosario","Funes","Rancho",21
"1602","Rosario","Granadero Baigorria","Rancho",145
"1601","Rosario","Ibarlucea","Rancho",15
"1606","Rosario","Pérez","Rancho",113
"1610","Rosario","Piñero (Est. Erasto)","Rancho",6
"1625","Rosario","Pueblo Esther","Rancho",29
"1612","Rosario","Pueblo Muñoz (Est. Bernard)","Rancho",1
"1620","Rosario","Coronel Bogado","Rancho",1
"1603","Rosario","Rosario","Rancho",3467
"1607","Rosario","Soldini","Rancho",15
"1616","Rosario","Villa Amelia","Rancho",6
"1608","Rosario","Villa Gobernador Gálvez","Rancho",414
"1605","Rosario","Zavalla","Rancho",6
"1617","Rosario","General Lagos","Rancho",16
"0703","San Cristóbal","Ambrosetti","Rancho",3
"0711","San Cristóbal","Arrufó","Rancho",3
"0718","San Cristóbal","Capivara","Rancho",2
"0701","San Cristóbal","Ceres","Rancho",10
"0713","San Cristóbal","Colonia Ana","Rancho",1
"0715","San Cristóbal","Colonia Rosa","Rancho",4
"0723","San Cristóbal","Constanza","Rancho",1
"0717","San Cristóbal","Curupaytí","Rancho",3
"0728","San Cristóbal","Colonia Dos Rosas y La Legua","Rancho",3
"0702","San Cristóbal","Hersilia","Rancho",5
"0704","San Cristóbal","Huanqueros","Rancho",5
"0725","San Cristóbal","Monigotes","Rancho",2
"0719","San Cristóbal","Ñanducita","Rancho",1
"0731","San Cristóbal","Palacios","Rancho",2
"0708","San Cristóbal","San Cristóbal","Rancho",17
"0716","San Cristóbal","San Guillermo","Rancho",4
"0709","San Cristóbal","Santurce","Rancho",1
"0722","San Cristóbal","Soledad","Rancho",8
"0726","San Cristóbal","Suardi","Rancho",24
"0707","San Cristóbal","Villa Saralegui","Rancho",15
"0714","San Cristóbal","Villa Trinidad","Rancho",2
"0732","San Cristóbal","La Cabral","Rancho",3
"0403","San Javier","Alejandra","Rancho",215
"0405","San Javier","Cacique Ariacaiquín","Rancho",25
"0401","San Javier","Romang","Rancho",58
"0402","San Javier","Colonia Durán","Rancho",30
"0404","San Javier","San Javier","Rancho",631
"0406","San Javier","La Brava","Rancho",42
"1110","San Jerónimo","Arocena","Rancho",50
"1115","San Jerónimo","Barrancas","Rancho",26
"1113","San Jerónimo","Bernardo de Irigoyen (Est. Irigoyen)","Rancho",3
"1122","San Jerónimo","Centeno","Rancho",3
"1105","San Jerónimo","Coronda","Rancho",153
"1104","San Jerónimo","Desvío Arijón","Rancho",31
"1119","San Jerónimo","Díaz","Rancho",5
"1117","San Jerónimo","Gaboto","Rancho",40
"1108","San Jerónimo","Gálvez","Rancho",18
"1118","San Jerónimo","Maciel","Rancho",3
"1111","San Jerónimo","San Fabián","Rancho",4
"1121","San Jerónimo","San Genaro","Rancho",12
"1116","San Jerónimo","Monje","Rancho",11
"0614","San Justo","Angeloni","Rancho",2
"0617","San Justo","Cayastacito","Rancho",9
"0616","San Justo","Colonia Esther","Rancho",1
"0607","San Justo","Gobernador Crespo","Rancho",1
"0605","San Justo","La Criolla (Est. Cañadita)","Rancho",11
"0609","San Justo","Marcelino Escalada","Rancho",4
"0612","San Justo","Naré","Rancho",1
"0601","San Justo","Pedro Gómez Cello","Rancho",1
"0610","San Justo","Ramayón","Rancho",2
"0611","San Justo","San Justo","Rancho",35
"0604","San Justo","San Martín Norte","Rancho",2
"0603","San Justo","Vera y Pintado","Rancho",1
"0602","San Justo","La Camila","Rancho",3
"0615","San Justo","Videla","Rancho",3
"0618","San Justo","Colonia Dolores","Rancho",2
"1511","San Lorenzo","Roldán","Rancho",50
"1505","San Lorenzo","Capitán Bermúdez","Rancho",72
"1509","San Lorenzo","Carcarañá","Rancho",11
"1513","San Lorenzo","Coronel Arnold","Rancho",2
"1504","San Lorenzo","Fray Luis Beltrán","Rancho",57
"1514","San Lorenzo","Fuentes","Rancho",2
"1501","San Lorenzo","Timbúes","Rancho",13
"1508","San Lorenzo","Luis Palacios","Rancho",1
"1502","San Lorenzo","Puerto General San Martín","Rancho",24
"1512","San Lorenzo","Pujato","Rancho",1
"1506","San Lorenzo","Ricardone","Rancho",1
"1510","San Lorenzo","San Jerónimo Sud","Rancho",1
"1503","San Lorenzo","San Lorenzo","Rancho",77
"1515","San Lorenzo","Villa Mugueta","Rancho",5
"1212","San Martín","Casas","Rancho",2
"1201","San Martín","Castelar","Rancho",3
"1205","San Martín","Colonia Belgrano","Rancho",1
"1202","San Martín","Crispi","Rancho",2
"1215","San Martín","El Trébol","Rancho",3
"1210","San Martín","Landeta","Rancho",1
"1213","San Martín","Las Bandurrias","Rancho",4
"1209","San Martín","Las Petacas","Rancho",1
"1217","San Martín","María Susana","Rancho",1
"1216","San Martín","Piamonte","Rancho",4
"1208","San Martín","San Jorge","Rancho",17
"1203","San Martín","Sastre","Rancho",2
"0211","Vera","Garabato","Rancho",27
"0209","Vera","Golondrina","Rancho",22
"0208","Vera","Cañada Ombú","Rancho",12
"0210","Vera","Intiyaco","Rancho",31
"0212","Vera","Los Amores","Rancho",37
"0213","Vera","Tartagal","Rancho",57
"0205","Vera","Calchaquí","Rancho",42
"0202","Vera","Vera","Rancho",118
"0206","Vera","Toba","Rancho",54
"0207","Vera","Fortín Olmos","Rancho",64
"0204","Vera","Margarita","Rancho",64
"0203","Vera","La Gallareta","Rancho",61
"1306","Belgrano","Armstrong","Casilla",2
"1301","Belgrano","Bouquet","Casilla",1
"1303","Belgrano","Las Parejas","Casilla",3
"1302","Belgrano","Las Rosas","Casilla",6
"1304","Belgrano","Montes de Oca","Casilla",1
"1305","Belgrano","Tortugas","Casilla",1
"1803","Caseros","Arequito","Casilla",2
"1801","Caseros","Arteaga","Casilla",1
"1811","Caseros","Berabevú","Casilla",2
"1807","Caseros","Bigand","Casilla",4
"1805","Caseros","Casilda","Casilla",52
"1808","Caseros","Chabás","Casilla",2
"1812","Caseros","Chañar Ladeado","Casilla",1
"1804","Caseros","Los Molinos","Casilla",7
"1802","Caseros","San José de la Esquina","Casilla",1
"1809","Caseros","Villada","Casilla",2
"0812","Castellanos","Ataliva","Casilla",1
"0825","Castellanos","Bella Italia","Casilla",2
"0822","Castellanos","Colonia Castellanos","Casilla",1
"0810","Castellanos","Colonia Aldao","Casilla",1
"0842","Castellanos","Esmeralda","Casilla",1
"0817","Castellanos","Fidela","Casilla",1
"0841","Castellanos","Frontera","Casilla",9
"0843","Castellanos","Garibaldi","Casilla",3
"0833","Castellanos","Josefina","Casilla",3
"0814","Castellanos","Lehmann","Casilla",12
"0835","Castellanos","Clucellas","Casilla",1
"0824","Castellanos","Rafaela","Casilla",83
"0830","Castellanos","San Antonio","Casilla",1
"0846","Castellanos","San Vicente","Casilla",4
"0811","Castellanos","Sunchales","Casilla",11
"0827","Castellanos","Susana","Casilla",1
"0801","Castellanos","Virginia","Casilla",1
"1902","Constitución","Alcorta","Casilla",14
"1916","Constitución","Empalme Villa Constitución","Casilla",14
"1912","Constitución","General Gelly","Casilla",1
"1914","Constitución","Godoy","Casilla",2
"1913","Constitución","Juan B. Molina","Casilla",1
"1904","Constitución","Máximo Paz (Est. Paz)","Casilla",5
"1905","Constitución","Pavón Arriba","Casilla",2
"1910","Constitución","Peyrano","Casilla",1
"1906","Constitución","Santa Teresa","Casilla",5
"1909","Constitución","Sargento Cabral","Casilla",2
"1917","Constitución","Theobald","Casilla",2
"1918","Constitución","Villa Constitución","Casilla",245
"1919","Constitución","Pavón","Casilla",4
"0506","Garay","Saladero Mariano Cabal","Casilla",3
"0502","Garay","Cayastá","Casilla",5
"0501","Garay","Helvecia","Casilla",6
"0503","Garay","Santa Rosa de Calchines","Casilla",18
"0505","Garay","Colonia Mascías","Casilla",19
"1731","General López","Amenábar","Casilla",1
"1711","General López","Carmen","Casilla",2
"1712","General López","Chapuy","Casilla",1
"1703","General López","Murphy","Casilla",1
"1704","General López","Chovet","Casilla",1
"1730","General López","Diego de Alvear","Casilla",2
"1710","General López","Elortondo","Casilla",4
"1706","General López","Firmat","Casilla",32
"1702","General López","La Chispa","Casilla",2
"1715","General López","Maggiolo","Casilla",1
"1717","General López","María Teresa","Casilla",9
"1709","General López","Melincué","Casilla",1
"1707","General López","Miguel Torres","Casilla",1
"1727","General López","Rufino","Casilla",4
"1726","General López","Sancti Spiritu","Casilla",9
"1716","General López","San Eduardo","Casilla",2
"1714","General López","San Francisco de Santa Fe","Casilla",1
"1724","General López","San Gregorio","Casilla",5
"1713","General López","Venado Tuerto","Casilla",72
"1719","General López","Villa Cañás","Casilla",3
"1722","General López","Wheelwright","Casilla",4
"0327","General Obligado","Guadalupe Norte","Casilla",1
"0319","General Obligado","Avellaneda","Casilla",19
"0314","General Obligado","Arroyo Ceibal","Casilla",2
"0322","General Obligado","Berna","Casilla",1
"0323","General Obligado","Malabrigo","Casilla",5
"0302","General Obligado","Florencia","Casilla",7
"0312","General Obligado","Ingeniero Chanourdie","Casilla",7
"0316","General Obligado","Lanteri","Casilla",3
"0315","General Obligado","Las Garzas","Casilla",2
"0313","General Obligado","El Sombrerito","Casilla",1
"0305","General Obligado","Las Toscas","Casilla",16
"0303","General Obligado","El Rabón","Casilla",1
"0320","General Obligado","Reconquista","Casilla",66
"0324","General Obligado","Los Laureles","Casilla",1
"0306","General Obligado","San Antonio de Obligado","Casilla",5
"0307","General Obligado","Tacuarendí","Casilla",9
"0309","General Obligado","Villa Ana","Casilla",23
"0304","General Obligado","Villa Guillermina","Casilla",23
"0308","General Obligado","Villa Ocampo","Casilla",50
"0321","General Obligado","El Arazá","Casilla",1
"0326","General Obligado","La Sarita","Casilla",2
"1405","Iriondo","Pueblo Andino","Casilla",7
"1409","Iriondo","Bustinza","Casilla",1
"1410","Iriondo","Cañada de Gómez","Casilla",22
"1403","Iriondo","Carrizales (Est. Clarke)","Casilla",2
"1411","Iriondo","Correa","Casilla",3
"1408","Iriondo","Salto Grande","Casilla",1
"1404","Iriondo","Oliveros","Casilla",11
"1402","Iriondo","Totoras","Casilla",17
"1406","Iriondo","Serodino","Casilla",3
"1412","Iriondo","Villa Eloísa","Casilla",2
"1008","La Capital","Arroyo Aguiar","Casilla",2
"1005","La Capital","Laguna Paiva","Casilla",15
"1003","La Capital","Llambi Campbell","Casilla",2
"1009","La Capital","Monte Vera","Casilla",25
"1006","La Capital","Nelson","Casilla",8
"1010","La Capital","Recreo","Casilla",45
"1004","La Capital","Campo Andino","Casilla",1
"1011","La Capital","Santa Fe","Casilla",697
"1012","La Capital","Santo Tomé","Casilla",127
"1013","La Capital","Sauce Viejo","Casilla",31
"1015","La Capital","Arroyo Leyes","Casilla",16
"1016","La Capital","San José del Rincón","Casilla",27
"0901","Las Colonias","Elisa","Casilla",1
"0916","Las Colonias","Esperanza","Casilla",59
"0912","Las Colonias","Felicia","Casilla",3
"0926","Las Colonias","Franck","Casilla",2
"0903","Las Colonias","La Pelada","Casilla",3
"0936","Las Colonias","Matilde","Casilla",2
"0909","Las Colonias","Progreso","Casilla",2
"0914","Las Colonias","Rivadavia","Casilla",1
"0932","Las Colonias","Sa Pereira","Casilla",3
"0935","Las Colonias","San Carlos Centro","Casilla",5
"0930","Las Colonias","San Carlos Norte","Casilla",1
"0931","Las Colonias","San Jerónimo del Sauce","Casilla",1
"0928","Las Colonias","Colonia San José","Casilla",2
"0934","Las Colonias","Santa Clara de Buena Vista","Casilla",2
"0911","Las Colonias","Sarmiento","Casilla",2
"0103","9 de Julio","San Bernardo","Casilla",2
"0106","9 de Julio","Logroño","Casilla",3
"0101","9 de Julio","Gregoria Pérez de Denis (Est. El Nochero)","Casilla",2
"0110","9 de Julio","Villa Minetti","Casilla",5
"0104","9 de Julio","Pozo Borrado","Casilla",9
"0111","9 de Julio","Santa Margarita","Casilla",8
"0102","9 de Julio","Gato Colorado","Casilla",9
"0105","9 de Julio","Tostado","Casilla",24
"1613","Rosario","Acebal","Casilla",9
"1611","Rosario","Álvarez","Casilla",16
"1609","Rosario","Alvear","Casilla",31
"1618","Rosario","Arroyo Seco","Casilla",157
"1614","Rosario","Carmen del Sauce","Casilla",2
"1615","Rosario","Coronel Domínguez","Casilla",9
"1619","Rosario","Fighiera","Casilla",6
"1604","Rosario","Funes","Casilla",26
"1602","Rosario","Granadero Baigorria","Casilla",251
"1601","Rosario","Ibarlucea","Casilla",19
"1606","Rosario","Pérez","Casilla",265
"1610","Rosario","Piñero (Est. Erasto)","Casilla",14
"1625","Rosario","Pueblo Esther","Casilla",35
"1620","Rosario","Coronel Bogado","Casilla",1
"1603","Rosario","Rosario","Casilla",5488
"1607","Rosario","Soldini","Casilla",1
"1622","Rosario","Uranga","Casilla",2
"1608","Rosario","Villa Gobernador Gálvez","Casilla",960
"1605","Rosario","Zavalla","Casilla",9
"1617","Rosario","General Lagos","Casilla",9
"0706","San Cristóbal","Aguará Grande","Casilla",1
"0711","San Cristóbal","Arrufó","Casilla",3
"0718","San Cristóbal","Capivara","Casilla",1
"0701","San Cristóbal","Ceres","Casilla",5
"0717","San Cristóbal","Curupaytí","Casilla",2
"0702","San Cristóbal","Hersilia","Casilla",5
"0730","San Cristóbal","Las Palmeras","Casilla",1
"0719","San Cristóbal","Ñanducita","Casilla",1
"0710","San Cristóbal","Portugalete","Casilla",1
"0708","San Cristóbal","San Cristóbal","Casilla",20
"0716","San Cristóbal","San Guillermo","Casilla",2
"0722","San Cristóbal","Soledad","Casilla",1
"0726","San Cristóbal","Suardi","Casilla",4
"0403","San Javier","Alejandra","Casilla",1
"0405","San Javier","Cacique Ariacaiquín","Casilla",1
"0404","San Javier","San Javier","Casilla",7
"1110","San Jerónimo","Arocena","Casilla",14
"1115","San Jerónimo","Barrancas","Casilla",13
"1113","San Jerónimo","Bernardo de Irigoyen (Est. Irigoyen)","Casilla",1
"1114","San Jerónimo","Casalegno","Casilla",1
"1122","San Jerónimo","Centeno","Casilla",1
"1105","San Jerónimo","Coronda","Casilla",103
"1104","San Jerónimo","Desvío Arijón","Casilla",4
"1117","San Jerónimo","Gaboto","Casilla",12
"1108","San Jerónimo","Gálvez","Casilla",5
"1101","San Jerónimo","López","Casilla",1
"1118","San Jerónimo","Maciel","Casilla",6
"1121","San Jerónimo","San Genaro","Casilla",6
"1116","San Jerónimo","Monje","Casilla",5
"0617","San Justo","Cayastacito","Casilla",2
"0605","San Justo","La Criolla (Est. Cañadita)","Casilla",1
"0609","San Justo","Marcelino Escalada","Casilla",3
"0601","San Justo","Pedro Gómez Cello","Casilla",6
"0611","San Justo","San Justo","Casilla",19
"0603","San Justo","Vera y Pintado","Casilla",3
"0615","San Justo","Videla","Casilla",4
"0608","San Justo","Silva","Casilla",2
"1511","San Lorenzo","Roldán","Casilla",40
"1505","San Lorenzo","Capitán Bermúdez","Casilla",192
"1509","San Lorenzo","Carcarañá","Casilla",16
"1504","San Lorenzo","Fray Luis Beltrán","Casilla",69
"1501","San Lorenzo","Timbúes","Casilla",16
"1508","San Lorenzo","Luis Palacios","Casilla",1
"1502","San Lorenzo","Puerto General San Martín","Casilla",41
"1512","San Lorenzo","Pujato","Casilla",3
"1506","San Lorenzo","Ricardone","Casilla",8
"1503","San Lorenzo","San Lorenzo","Casilla",183
"1515","San Lorenzo","Villa Mugueta","Casilla",3
"1211","San Martín","Carlos Pellegrini","Casilla",3
"1212","San Martín","Casas","Casilla",4
"1215","San Martín","El Trébol","Casilla",8
"1210","San Martín","Landeta","Casilla",1
"1213","San Martín","Las Bandurrias","Casilla",1
"1217","San Martín","María Susana","Casilla",1
"1208","San Martín","San Jorge","Casilla",19
"1204","San Martín","San Martín de las Escobas","Casilla",1
"1203","San Martín","Sastre","Casilla",12
"0211","Vera","Garabato","Casilla",13
"0209","Vera","Golondrina","Casilla",20
"0208","Vera","Cañada Ombú","Casilla",5
"0210","Vera","Intiyaco","Casilla",38
"0212","Vera","Los Amores","Casilla",11
"0213","Vera","Tartagal","Casilla",22
"0205","Vera","Calchaquí","Casilla",29
"0202","Vera","Vera","Casilla",40
"0206","Vera","Toba","Casilla",13
"0207","Vera","Fortín Olmos","Casilla",27
"0204","Vera","Margarita","Casilla",9
"0203","Vera","La Gallareta","Casilla",24
"1306","Belgrano","Armstrong","Departamento",172
"1301","Belgrano","Bouquet","Departamento",1
"1303","Belgrano","Las Parejas","Departamento",26
"1302","Belgrano","Las Rosas","Departamento",57
"1304","Belgrano","Montes de Oca","Departamento",1
"1803","Caseros","Arequito","Departamento",18
"1801","Caseros","Arteaga","Departamento",6
"1811","Caseros","Berabevú","Departamento",6
"1807","Caseros","Bigand","Departamento",8
"1805","Caseros","Casilda","Departamento",611
"1808","Caseros","Chabás","Departamento",14
"1812","Caseros","Chañar Ladeado","Departamento",22
"1804","Caseros","Los Molinos","Departamento",6
"1802","Caseros","San José de la Esquina","Departamento",14
"0825","Castellanos","Bella Italia","Departamento",4
"0841","Castellanos","Frontera","Departamento",64
"0803","Castellanos","Humberto Primo","Departamento",9
"0833","Castellanos","Josefina","Departamento",1
"0814","Castellanos","Lehmann","Departamento",14
"0844","Castellanos","María Juana","Departamento",6
"0824","Castellanos","Rafaela","Departamento",1933
"0819","Castellanos","Ramona","Departamento",4
"0831","Castellanos","Santa Clara de Saguier","Departamento",2
"0846","Castellanos","San Vicente","Departamento",2
"0811","Castellanos","Sunchales","Departamento",134
"0840","Castellanos","Zenón Pereyra","Departamento",2
"1902","Constitución","Alcorta","Departamento",11
"1901","Constitución","Bombal","Departamento",33
"1916","Constitución","Empalme Villa Constitución","Departamento",3
"1914","Constitución","Godoy","Departamento",1
"1905","Constitución","Pavón Arriba","Departamento",4
"1910","Constitución","Peyrano","Departamento",1
"1906","Constitución","Santa Teresa","Departamento",2
"1918","Constitución","Villa Constitución","Departamento",682
"0502","Garay","Cayastá","Departamento",1
"0501","Garay","Helvecia","Departamento",12
"0503","Garay","Santa Rosa de Calchines","Departamento",2
"0505","Garay","Colonia Mascías","Departamento",6
"1703","General López","Murphy","Departamento",2
"1704","General López","Chovet","Departamento",4
"1706","General López","Firmat","Departamento",315
"1720","General López","Hughes","Departamento",4
"1728","General López","Lazzarino","Departamento",2
"1717","General López","María Teresa","Departamento",4
"1709","General López","Melincué","Departamento",2
"1727","General López","Rufino","Departamento",184
"1724","General López","San Gregorio","Departamento",4
"1718","General López","Santa Isabel","Departamento",2
"1723","General López","Teodelina","Departamento",2
"1713","General López","Venado Tuerto","Departamento",2374
"1719","General López","Villa Cañás","Departamento",43
"1722","General López","Wheelwright","Departamento",10
"0327","General Obligado","Guadalupe Norte","Departamento",8
"0319","General Obligado","Avellaneda","Departamento",469
"0323","General Obligado","Malabrigo","Departamento",39
"0302","General Obligado","Florencia","Departamento",2
"0316","General Obligado","Lanteri","Departamento",1
"0315","General Obligado","Las Garzas","Departamento",1
"0305","General Obligado","Las Toscas","Departamento",54
"0303","General Obligado","El Rabón","Departamento",3
"0320","General Obligado","Reconquista","Departamento",2468
"0309","General Obligado","Villa Ana","Departamento",3
"0308","General Obligado","Villa Ocampo","Departamento",119
"1410","Iriondo","Cañada de Gómez","Departamento",533
"1401","Iriondo","Clason","Departamento",1
"1411","Iriondo","Correa","Departamento",12
"1404","Iriondo","Oliveros","Departamento",2
"1402","Iriondo","Totoras","Departamento",47
"1412","Iriondo","Villa Eloísa","Departamento",14
"1005","La Capital","Laguna Paiva","Departamento",21
"1003","La Capital","Llambi Campbell","Departamento",1
"1009","La Capital","Monte Vera","Departamento",20
"1006","La Capital","Nelson","Departamento",20
"1010","La Capital","Recreo","Departamento",23
"1011","La Capital","Santa Fe","Departamento",21811
"1012","La Capital","Santo Tomé","Departamento",1589
"1013","La Capital","Sauce Viejo","Departamento",2
"1016","La Capital","San José del Rincón","Departamento",2
"0901","Las Colonias","Elisa","Departamento",3
"0916","Las Colonias","Esperanza","Departamento",897
"0912","Las Colonias","Felicia","Departamento",1
"0926","Las Colonias","Franck","Departamento",17
"0918","Las Colonias","Humboldt","Departamento",2
"0920","Las Colonias","Pilar","Departamento",3
"0935","Las Colonias","San Carlos Centro","Departamento",46
"0923","Las Colonias","San Jerónimo Norte","Departamento",14
"0934","Las Colonias","Santa Clara de Buena Vista","Departamento",1
"0110","9 de Julio","Villa Minetti","Departamento",3
"0105","9 de Julio","Tostado","Departamento",25
"1613","Rosario","Acebal","Departamento",63
"1611","Rosario","Álvarez","Departamento",2
"1609","Rosario","Alvear","Departamento",1
"1618","Rosario","Arroyo Seco","Departamento",191
"1604","Rosario","Funes","Departamento",29
"1602","Rosario","Granadero Baigorria","Departamento",168
"1601","Rosario","Ibarlucea","Departamento",2
"1606","Rosario","Pérez","Departamento",92
"1625","Rosario","Pueblo Esther","Departamento",12
"1612","Rosario","Pueblo Muñoz (Est. Bernard)","Departamento",8
"1603","Rosario","Rosario","Departamento",99534
"1607","Rosario","Soldini","Departamento",1
"1608","Rosario","Villa Gobernador Gálvez","Departamento",641
"1605","Rosario","Zavalla","Departamento",76
"1617","Rosario","General Lagos","Departamento",2
"0706","San Cristóbal","Aguará Grande","Departamento",2
"0703","San Cristóbal","Ambrosetti","Departamento",1
"0701","San Cristóbal","Ceres","Departamento",41
"0720","San Cristóbal","La Lucila","Departamento",2
"0724","San Cristóbal","Moisés Ville","Departamento",3
"0708","San Cristóbal","San Cristóbal","Departamento",34
"0716","San Cristóbal","San Guillermo","Departamento",43
"0726","San Cristóbal","Suardi","Departamento",25
"0714","San Cristóbal","Villa Trinidad","Departamento",2
"0401","San Javier","Romang","Departamento",36
"0404","San Javier","San Javier","Departamento",26
"1110","San Jerónimo","Arocena","Departamento",2
"1115","San Jerónimo","Barrancas","Departamento",6
"1122","San Jerónimo","Centeno","Departamento",4
"1105","San Jerónimo","Coronda","Departamento",59
"1119","San Jerónimo","Díaz","Departamento",5
"1108","San Jerónimo","Gálvez","Departamento",242
"1118","San Jerónimo","Maciel","Departamento",8
"1121","San Jerónimo","San Genaro","Departamento",14
"1116","San Jerónimo","Monje","Departamento",1
"0607","San Justo","Gobernador Crespo","Departamento",46
"0611","San Justo","San Justo","Departamento",185
"1511","San Lorenzo","Roldán","Departamento",33
"1505","San Lorenzo","Capitán Bermúdez","Departamento",153
"1509","San Lorenzo","Carcarañá","Departamento",29
"1513","San Lorenzo","Coronel Arnold","Departamento",5
"1504","San Lorenzo","Fray Luis Beltrán","Departamento",43
"1514","San Lorenzo","Fuentes","Departamento",2
"1501","San Lorenzo","Timbúes","Departamento",1
"1502","San Lorenzo","Puerto General San Martín","Departamento",62
"1512","San Lorenzo","Pujato","Departamento",21
"1506","San Lorenzo","Ricardone","Departamento",3
"1503","San Lorenzo","San Lorenzo","Departamento",1499
"1515","San Lorenzo","Villa Mugueta","Departamento",5
"1206","San Martín","Cañada Rosquín","Departamento",1
"1211","San Martín","Carlos Pellegrini","Departamento",7
"1215","San Martín","El Trébol","Departamento",34
"1217","San Martín","María Susana","Departamento",2
"1208","San Martín","San Jorge","Departamento",108
"1204","San Martín","San Martín de las Escobas","Departamento",1
"1203","San Martín","Sastre","Departamento",8
"0213","Vera","Tartagal","Departamento",1
"0205","Vera","Calchaquí","Departamento",35
"0202","Vera","Vera","Departamento",88
"0207","Vera","Fortín Olmos","Departamento",1
"0204","Vera","Margarita","Departamento",6
"1306","Belgrano","Armstrong","Pieza en inquilinato",14
"1301","Belgrano","Bouquet","Pieza en inquilinato",1
"1303","Belgrano","Las Parejas","Pieza en inquilinato",38
"1302","Belgrano","Las Rosas","Pieza en inquilinato",10
"1305","Belgrano","Tortugas","Pieza en inquilinato",3
"1803","Caseros","Arequito","Pieza en inquilinato",5
"1801","Caseros","Arteaga","Pieza en inquilinato",5
"1811","Caseros","Berabevú","Pieza en inquilinato",1
"1807","Caseros","Bigand","Pieza en inquilinato",5
"1805","Caseros","Casilda","Pieza en inquilinato",27
"1808","Caseros","Chabás","Pieza en inquilinato",2
"1804","Caseros","Los Molinos","Pieza en inquilinato",2
"1810","Caseros","Los Quirquinchos","Pieza en inquilinato",1
"1802","Caseros","San José de la Esquina","Pieza en inquilinato",3
"0837","Castellanos","Angélica","Pieza en inquilinato",1
"0825","Castellanos","Bella Italia","Pieza en inquilinato",3
"0810","Castellanos","Colonia Aldao","Pieza en inquilinato",3
"0805","Castellanos","Tacural","Pieza en inquilinato",3
"0808","Castellanos","Eusebia","Pieza en inquilinato",1
"0841","Castellanos","Frontera","Pieza en inquilinato",2
"0809","Castellanos","Colonia Hugentobler","Pieza en inquilinato",1
"0803","Castellanos","Humberto Primo","Pieza en inquilinato",5
"0814","Castellanos","Lehmann","Pieza en inquilinato",5
"0844","Castellanos","María Juana","Pieza en inquilinato",3
"0835","Castellanos","Clucellas","Pieza en inquilinato",1
"0824","Castellanos","Rafaela","Pieza en inquilinato",129
"0846","Castellanos","San Vicente","Pieza en inquilinato",2
"0811","Castellanos","Sunchales","Pieza en inquilinato",27
"1902","Constitución","Alcorta","Pieza en inquilinato",3
"1901","Constitución","Bombal","Pieza en inquilinato",7
"1916","Constitución","Empalme Villa Constitución","Pieza en inquilinato",1
"1904","Constitución","Máximo Paz (Est. Paz)","Pieza en inquilinato",2
"1905","Constitución","Pavón Arriba","Pieza en inquilinato",5
"1918","Constitución","Villa Constitución","Pieza en inquilinato",42
"0506","Garay","Saladero Mariano Cabal","Pieza en inquilinato",1
"0502","Garay","Cayastá","Pieza en inquilinato",2
"0501","Garay","Helvecia","Pieza en inquilinato",2
"0503","Garay","Santa Rosa de Calchines","Pieza en inquilinato",11
"1731","General López","Amenábar","Pieza en inquilinato",1
"1701","General López","Cafferata","Pieza en inquilinato",1
"1703","General López","Murphy","Pieza en inquilinato",6
"1730","General López","Diego de Alvear","Pieza en inquilinato",3
"1710","General López","Elortondo","Pieza en inquilinato",3
"1706","General López","Firmat","Pieza en inquilinato",22
"1720","General López","Hughes","Pieza en inquilinato",5
"1702","General López","La Chispa","Pieza en inquilinato",2
"1717","General López","María Teresa","Pieza en inquilinato",3
"1727","General López","Rufino","Pieza en inquilinato",9
"1726","General López","Sancti Spiritu","Pieza en inquilinato",3
"1724","General López","San Gregorio","Pieza en inquilinato",2
"1718","General López","Santa Isabel","Pieza en inquilinato",3
"1723","General López","Teodelina","Pieza en inquilinato",13
"1713","General López","Venado Tuerto","Pieza en inquilinato",138
"1719","General López","Villa Cañás","Pieza en inquilinato",8
"1722","General López","Wheelwright","Pieza en inquilinato",3
"0328","General Obligado","Nicanor Molinas","Pieza en inquilinato",1
"0327","General Obligado","Guadalupe Norte","Pieza en inquilinato",6
"0319","General Obligado","Avellaneda","Pieza en inquilinato",57
"0314","General Obligado","Arroyo Ceibal","Pieza en inquilinato",1
"0322","General Obligado","Berna","Pieza en inquilinato",2
"0323","General Obligado","Malabrigo","Pieza en inquilinato",4
"0302","General Obligado","Florencia","Pieza en inquilinato",17
"0316","General Obligado","Lanteri","Pieza en inquilinato",3
"0305","General Obligado","Las Toscas","Pieza en inquilinato",13
"0303","General Obligado","El Rabón","Pieza en inquilinato",1
"0320","General Obligado","Reconquista","Pieza en inquilinato",109
"0306","General Obligado","San Antonio de Obligado","Pieza en inquilinato",5
"0307","General Obligado","Tacuarendí","Pieza en inquilinato",1
"0309","General Obligado","Villa Ana","Pieza en inquilinato",3
"0308","General Obligado","Villa Ocampo","Pieza en inquilinato",24
"0321","General Obligado","El Arazá","Pieza en inquilinato",4
"1410","Iriondo","Cañada de Gómez","Pieza en inquilinato",14
"1411","Iriondo","Correa","Pieza en inquilinato",5
"1402","Iriondo","Totoras","Pieza en inquilinato",13
"1412","Iriondo","Villa Eloísa","Pieza en inquilinato",4
"1005","La Capital","Laguna Paiva","Pieza en inquilinato",13
"1009","La Capital","Monte Vera","Pieza en inquilinato",7
"1006","La Capital","Nelson","Pieza en inquilinato",3
"1010","La Capital","Recreo","Pieza en inquilinato",17
"1011","La Capital","Santa Fe","Pieza en inquilinato",284
"1012","La Capital","Santo Tomé","Pieza en inquilinato",22
"1013","La Capital","Sauce Viejo","Pieza en inquilinato",3
"1016","La Capital","San José del Rincón","Pieza en inquilinato",2
"0901","Las Colonias","Elisa","Pieza en inquilinato",2
"0916","Las Colonias","Esperanza","Pieza en inquilinato",23
"0912","Las Colonias","Felicia","Pieza en inquilinato",2
"0926","Las Colonias","Franck","Pieza en inquilinato",6
"0918","Las Colonias","Humboldt","Pieza en inquilinato",1
"0903","Las Colonias","La Pelada","Pieza en inquilinato",1
"0920","Las Colonias","Pilar","Pieza en inquilinato",2
"0909","Las Colonias","Progreso","Pieza en inquilinato",1
"0932","Las Colonias","Sa Pereira","Pieza en inquilinato",1
"0929","Las Colonias","San Agustín","Pieza en inquilinato",3
"0935","Las Colonias","San Carlos Centro","Pieza en inquilinato",9
"0937","Las Colonias","San Carlos Sud","Pieza en inquilinato",10
"0923","Las Colonias","San Jerónimo Norte","Pieza en inquilinato",1
"0107","9 de Julio","Esteban Rams","Pieza en inquilinato",1
"0106","9 de Julio","Logroño","Pieza en inquilinato",1
"0101","9 de Julio","Gregoria Pérez de Denis (Est. El Nochero)","Pieza en inquilinato",6
"0110","9 de Julio","Villa Minetti","Pieza en inquilinato",21
"0104","9 de Julio","Pozo Borrado","Pieza en inquilinato",3
"0111","9 de Julio","Santa Margarita","Pieza en inquilinato",1
"0105","9 de Julio","Tostado","Pieza en inquilinato",19
"1613","Rosario","Acebal","Pieza en inquilinato",8
"1611","Rosario","Álvarez","Pieza en inquilinato",4
"1609","Rosario","Alvear","Pieza en inquilinato",3
"1618","Rosario","Arroyo Seco","Pieza en inquilinato",11
"1615","Rosario","Coronel Domínguez","Pieza en inquilinato",1
"1619","Rosario","Fighiera","Pieza en inquilinato",1
"1604","Rosario","Funes","Pieza en inquilinato",6
"1602","Rosario","Granadero Baigorria","Pieza en inquilinato",21
"1606","Rosario","Pérez","Pieza en inquilinato",38
"1625","Rosario","Pueblo Esther","Pieza en inquilinato",6
"1620","Rosario","Coronel Bogado","Pieza en inquilinato",2
"1603","Rosario","Rosario","Pieza en inquilinato",736
"1607","Rosario","Soldini","Pieza en inquilinato",1
"1608","Rosario","Villa Gobernador Gálvez","Pieza en inquilinato",37
"1605","Rosario","Zavalla","Pieza en inquilinato",1
"1617","Rosario","General Lagos","Pieza en inquilinato",3
"0703","San Cristóbal","Ambrosetti","Pieza en inquilinato",1
"0711","San Cristóbal","Arrufó","Pieza en inquilinato",3
"0701","San Cristóbal","Ceres","Pieza en inquilinato",13
"0724","San Cristóbal","Moisés Ville","Pieza en inquilinato",5
"0708","San Cristóbal","San Cristóbal","Pieza en inquilinato",24
"0716","San Cristóbal","San Guillermo","Pieza en inquilinato",12
"0726","San Cristóbal","Suardi","Pieza en inquilinato",1
"0714","San Cristóbal","Villa Trinidad","Pieza en inquilinato",5
"0403","San Javier","Alejandra","Pieza en inquilinato",1
"0405","San Javier","Cacique Ariacaiquín","Pieza en inquilinato",2
"0401","San Javier","Romang","Pieza en inquilinato",9
"0404","San Javier","San Javier","Pieza en inquilinato",20
"1115","San Jerónimo","Barrancas","Pieza en inquilinato",5
"1113","San Jerónimo","Bernardo de Irigoyen (Est. Irigoyen)","Pieza en inquilinato",1
"1122","San Jerónimo","Centeno","Pieza en inquilinato",3
"1105","San Jerónimo","Coronda","Pieza en inquilinato",7
"1104","San Jerónimo","Desvío Arijón","Pieza en inquilinato",3
"1119","San Jerónimo","Díaz","Pieza en inquilinato",3
"1117","San Jerónimo","Gaboto","Pieza en inquilinato",1
"1108","San Jerónimo","Gálvez","Pieza en inquilinato",10
"1121","San Jerónimo","San Genaro","Pieza en inquilinato",1
"1116","San Jerónimo","Monje","Pieza en inquilinato",1
"0607","San Justo","Gobernador Crespo","Pieza en inquilinato",8
"0606","San Justo","La Penca y Caraguatá","Pieza en inquilinato",1
"0601","San Justo","Pedro Gómez Cello","Pieza en inquilinato",3
"0611","San Justo","San Justo","Pieza en inquilinato",10
"0615","San Justo","Videla","Pieza en inquilinato",2
"1511","San Lorenzo","Roldán","Pieza en inquilinato",5
"1505","San Lorenzo","Capitán Bermúdez","Pieza en inquilinato",17
"1509","San Lorenzo","Carcarañá","Pieza en inquilinato",13
"1504","San Lorenzo","Fray Luis Beltrán","Pieza en inquilinato",4
"1514","San Lorenzo","Fuentes","Pieza en inquilinato",1
"1501","San Lorenzo","Timbúes","Pieza en inquilinato",1
"1502","San Lorenzo","Puerto General San Martín","Pieza en inquilinato",17
"1512","San Lorenzo","Pujato","Pieza en inquilinato",3
"1503","San Lorenzo","San Lorenzo","Pieza en inquilinato",50
"1206","San Martín","Cañada Rosquín","Pieza en inquilinato",3
"1211","San Martín","Carlos Pellegrini","Pieza en inquilinato",12
"1201","San Martín","Castelar","Pieza en inquilinato",1
"1215","San Martín","El Trébol","Pieza en inquilinato",23
"1209","San Martín","Las Petacas","Pieza en inquilinato",3
"1217","San Martín","María Susana","Pieza en inquilinato",3
"1208","San Martín","San Jorge","Pieza en inquilinato",25
"1204","San Martín","San Martín de las Escobas","Pieza en inquilinato",1
"1203","San Martín","Sastre","Pieza en inquilinato",4
"0213","Vera","Tartagal","Pieza en inquilinato",7
"0205","Vera","Calchaquí","Pieza en inquilinato",11
"0202","Vera","Vera","Pieza en inquilinato",28
"0207","Vera","Fortín Olmos","Pieza en inquilinato",3
"0204","Vera","Margarita","Pieza en inquilinato",4
"0203","Vera","La Gallareta","Pieza en inquilinato",1
"1306","Belgrano","Armstrong","Pieza en hotel familiar o pensión",2
"1801","Caseros","Arteaga","Pieza en hotel familiar o pensión",2
"1805","Caseros","Casilda","Pieza en hotel familiar o pensión",10
"0812","Castellanos","Ataliva","Pieza en hotel familiar o pensión",1
"0841","Castellanos","Frontera","Pieza en hotel familiar o pensión",5
"0803","Castellanos","Humberto Primo","Pieza en hotel familiar o pensión",2
"0833","Castellanos","Josefina","Pieza en hotel familiar o pensión",2
"0835","Castellanos","Clucellas","Pieza en hotel familiar o pensión",1
"0824","Castellanos","Rafaela","Pieza en hotel familiar o pensión",33
"0840","Castellanos","Zenón Pereyra","Pieza en hotel familiar o pensión",1
"1918","Constitución","Villa Constitución","Pieza en hotel familiar o pensión",2
"0503","Garay","Santa Rosa de Calchines","Pieza en hotel familiar o pensión",1
"1706","General López","Firmat","Pieza en hotel familiar o pensión",6
"1720","General López","Hughes","Pieza en hotel familiar o pensión",2
"1713","General López","Venado Tuerto","Pieza en hotel familiar o pensión",24
"1719","General López","Villa Cañás","Pieza en hotel familiar o pensión",1
"0323","General Obligado","Malabrigo","Pieza en hotel familiar o pensión",1
"0302","General Obligado","Florencia","Pieza en hotel familiar o pensión",1
"0320","General Obligado","Reconquista","Pieza en hotel familiar o pensión",8
"0304","General Obligado","Villa Guillermina","Pieza en hotel familiar o pensión",3
"0308","General Obligado","Villa Ocampo","Pieza en hotel familiar o pensión",10
"1410","Iriondo","Cañada de Gómez","Pieza en hotel familiar o pensión",2
"1404","Iriondo","Oliveros","Pieza en hotel familiar o pensión",1
"1010","La Capital","Recreo","Pieza en hotel familiar o pensión",1
"1011","La Capital","Santa Fe","Pieza en hotel familiar o pensión",89
"1012","La Capital","Santo Tomé","Pieza en hotel familiar o pensión",7
"1016","La Capital","San José del Rincón","Pieza en hotel familiar o pensión",2
"0901","Las Colonias","Elisa","Pieza en hotel familiar o pensión",2
"0916","Las Colonias","Esperanza","Pieza en hotel familiar o pensión",8
"0926","Las Colonias","Franck","Pieza en hotel familiar o pensión",1
"0935","Las Colonias","San Carlos Centro","Pieza en hotel familiar o pensión",2
"0911","Las Colonias","Sarmiento","Pieza en hotel familiar o pensión",3
"0110","9 de Julio","Villa Minetti","Pieza en hotel familiar o pensión",2
"0105","9 de Julio","Tostado","Pieza en hotel familiar o pensión",2
"1613","Rosario","Acebal","Pieza en hotel familiar o pensión",3
"1618","Rosario","Arroyo Seco","Pieza en hotel familiar o pensión",4
"1615","Rosario","Coronel Domínguez","Pieza en hotel familiar o pensión",2
"1602","Rosario","Granadero Baigorria","Pieza en hotel familiar o pensión",8
"1603","Rosario","Rosario","Pieza en hotel familiar o pensión",936
"1608","Rosario","Villa Gobernador Gálvez","Pieza en hotel familiar o pensión",20
"1605","Rosario","Zavalla","Pieza en hotel familiar o pensión",4
"0708","San Cristóbal","San Cristóbal","Pieza en hotel familiar o pensión",3
"0403","San Javier","Alejandra","Pieza en hotel familiar o pensión",1
"0404","San Javier","San Javier","Pieza en hotel familiar o pensión",3
"1115","San Jerónimo","Barrancas","Pieza en hotel familiar o pensión",6
"1122","San Jerónimo","Centeno","Pieza en hotel familiar o pensión",1
"1117","San Jerónimo","Gaboto","Pieza en hotel familiar o pensión",1
"1108","San Jerónimo","Gálvez","Pieza en hotel familiar o pensión",1
"1118","San Jerónimo","Maciel","Pieza en hotel familiar o pensión",1
"1121","San Jerónimo","San Genaro","Pieza en hotel familiar o pensión",2
"1511","San Lorenzo","Roldán","Pieza en hotel familiar o pensión",8
"1505","San Lorenzo","Capitán Bermúdez","Pieza en hotel familiar o pensión",4
"1506","San Lorenzo","Ricardone","Pieza en hotel familiar o pensión",1
"1206","San Martín","Cañada Rosquín","Pieza en hotel familiar o pensión",3
"1212","San Martín","Casas","Pieza en hotel familiar o pensión",1
"1215","San Martín","El Trébol","Pieza en hotel familiar o pensión",2
"0202","Vera","Vera","Pieza en hotel familiar o pensión",1
"0207","Vera","Fortín Olmos","Pieza en hotel familiar o pensión",1
"1306","Belgrano","Armstrong","Local no construido para habitación",10
"1303","Belgrano","Las Parejas","Local no construido para habitación",6
"1302","Belgrano","Las Rosas","Local no construido para habitación",4
"1304","Belgrano","Montes de Oca","Local no construido para habitación",5
"1305","Belgrano","Tortugas","Local no construido para habitación",1
"1801","Caseros","Arteaga","Local no construido para habitación",4
"1811","Caseros","Berabevú","Local no construido para habitación",1
"1805","Caseros","Casilda","Local no construido para habitación",10
"1808","Caseros","Chabás","Local no construido para habitación",4
"1812","Caseros","Chañar Ladeado","Local no construido para habitación",1
"1813","Caseros","Gödeken","Local no construido para habitación",1
"1802","Caseros","San José de la Esquina","Local no construido para habitación",9
"0837","Castellanos","Angélica","Local no construido para habitación",2
"0812","Castellanos","Ataliva","Local no construido para habitación",1
"0810","Castellanos","Colonia Aldao","Local no construido para habitación",6
"0805","Castellanos","Tacural","Local no construido para habitación",1
"0845","Castellanos","Colonia Margarita","Local no construido para habitación",4
"0820","Castellanos","Coronel Fraga","Local no construido para habitación",1
"0815","Castellanos","Egusquiza","Local no construido para habitación",1
"0841","Castellanos","Frontera","Local no construido para habitación",4
"0803","Castellanos","Humberto Primo","Local no construido para habitación",1
"0814","Castellanos","Lehmann","Local no construido para habitación",8
"0824","Castellanos","Rafaela","Local no construido para habitación",21
"0819","Castellanos","Ramona","Local no construido para habitación",1
"0831","Castellanos","Santa Clara de Saguier","Local no construido para habitación",1
"0846","Castellanos","San Vicente","Local no construido para habitación",3
"0811","Castellanos","Sunchales","Local no construido para habitación",2
"0821","Castellanos","Vila","Local no construido para habitación",4
"0828","Castellanos","Villa San José","Local no construido para habitación",1
"0840","Castellanos","Zenón Pereyra","Local no construido para habitación",4
"1902","Constitución","Alcorta","Local no construido para habitación",2
"1901","Constitución","Bombal","Local no construido para habitación",3
"1916","Constitución","Empalme Villa Constitución","Local no construido para habitación",4
"1903","Constitución","Juncal","Local no construido para habitación",2
"1907","Constitución","La Vanguardia","Local no construido para habitación",3
"1904","Constitución","Máximo Paz (Est. Paz)","Local no construido para habitación",3
"1905","Constitución","Pavón Arriba","Local no construido para habitación",1
"1918","Constitución","Villa Constitución","Local no construido para habitación",61
"1919","Constitución","Pavón","Local no construido para habitación",1
"0502","Garay","Cayastá","Local no construido para habitación",1
"0501","Garay","Helvecia","Local no construido para habitación",2
"0503","Garay","Santa Rosa de Calchines","Local no construido para habitación",1
"1729","General López","Aarón Castellanos (Est. Castellanos)","Local no construido para habitación",1
"1731","General López","Amenábar","Local no construido para habitación",4
"1701","General López","Cafferata","Local no construido para habitación",1
"1711","General López","Carmen","Local no construido para habitación",2
"1703","General López","Murphy","Local no construido para habitación",4
"1704","General López","Chovet","Local no construido para habitación",1
"1730","General López","Diego de Alvear","Local no construido para habitación",2
"1706","General López","Firmat","Local no construido para habitación",8
"1720","General López","Hughes","Local no construido para habitación",5
"1721","General López","Labordeboy","Local no construido para habitación",1
"1717","General López","María Teresa","Local no construido para habitación",1
"1709","General López","Melincué","Local no construido para habitación",2
"1727","General López","Rufino","Local no construido para habitación",7
"1726","General López","Sancti Spiritu","Local no construido para habitación",2
"1724","General López","San Gregorio","Local no construido para habitación",3
"1718","General López","Santa Isabel","Local no construido para habitación",2
"1723","General López","Teodelina","Local no construido para habitación",1
"1713","General López","Venado Tuerto","Local no construido para habitación",40
"1719","General López","Villa Cañás","Local no construido para habitación",2
"1722","General López","Wheelwright","Local no construido para habitación",6
"0327","General Obligado","Guadalupe Norte","Local no construido para habitación",2
"0319","General Obligado","Avellaneda","Local no construido para habitación",12
"0314","General Obligado","Arroyo Ceibal","Local no construido para habitación",2
"0323","General Obligado","Malabrigo","Local no construido para habitación",1
"0302","General Obligado","Florencia","Local no construido para habitación",2
"0313","General Obligado","El Sombrerito","Local no construido para habitación",2
"0305","General Obligado","Las Toscas","Local no construido para habitación",3
"0320","General Obligado","Reconquista","Local no construido para habitación",12
"0324","General Obligado","Los Laureles","Local no construido para habitación",1
"0306","General Obligado","San Antonio de Obligado","Local no construido para habitación",2
"0307","General Obligado","Tacuarendí","Local no construido para habitación",1
"0309","General Obligado","Villa Ana","Local no construido para habitación",9
"0304","General Obligado","Villa Guillermina","Local no construido para habitación",8
"0308","General Obligado","Villa Ocampo","Local no construido para habitación",7
"0321","General Obligado","El Arazá","Local no construido para habitación",1
"0326","General Obligado","La Sarita","Local no construido para habitación",1
"1405","Iriondo","Pueblo Andino","Local no construido para habitación",1
"1410","Iriondo","Cañada de Gómez","Local no construido para habitación",11
"1411","Iriondo","Correa","Local no construido para habitación",1
"1408","Iriondo","Salto Grande","Local no construido para habitación",3
"1404","Iriondo","Oliveros","Local no construido para habitación",1
"1402","Iriondo","Totoras","Local no construido para habitación",5
"1406","Iriondo","Serodino","Local no construido para habitación",2
"1412","Iriondo","Villa Eloísa","Local no construido para habitación",1
"1008","La Capital","Arroyo Aguiar","Local no construido para habitación",1
"1001","La Capital","Emilia","Local no construido para habitación",2
"1005","La Capital","Laguna Paiva","Local no construido para habitación",8
"1009","La Capital","Monte Vera","Local no construido para habitación",1
"1006","La Capital","Nelson","Local no construido para habitación",2
"1010","La Capital","Recreo","Local no construido para habitación",8
"1011","La Capital","Santa Fe","Local no construido para habitación",93
"1012","La Capital","Santo Tomé","Local no construido para habitación",11
"1013","La Capital","Sauce Viejo","Local no construido para habitación",6
"1016","La Capital","San José del Rincón","Local no construido para habitación",2
"0916","Las Colonias","Esperanza","Local no construido para habitación",10
"0912","Las Colonias","Felicia","Local no construido para habitación",1
"0926","Las Colonias","Franck","Local no construido para habitación",5
"0913","Las Colonias","Grutly","Local no construido para habitación",1
"0918","Las Colonias","Humboldt","Local no construido para habitación",6
"0920","Las Colonias","Pilar","Local no construido para habitación",14
"0906","Las Colonias","Providencia","Local no construido para habitación",1
"0929","Las Colonias","San Agustín","Local no construido para habitación",2
"0935","Las Colonias","San Carlos Centro","Local no construido para habitación",2
"0937","Las Colonias","San Carlos Sud","Local no construido para habitación",1
"0931","Las Colonias","San Jerónimo del Sauce","Local no construido para habitación",1
"0923","Las Colonias","San Jerónimo Norte","Local no construido para habitación",6
"0908","Las Colonias","Santo Domingo","Local no construido para habitación",1
"0103","9 de Julio","San Bernardo","Local no construido para habitación",1
"0101","9 de Julio","Gregoria Pérez de Denis (Est. El Nochero)","Local no construido para habitación",1
"0110","9 de Julio","Villa Minetti","Local no construido para habitación",5
"0105","9 de Julio","Tostado","Local no construido para habitación",2
"1613","Rosario","Acebal","Local no construido para habitación",4
"1611","Rosario","Álvarez","Local no construido para habitación",2
"1618","Rosario","Arroyo Seco","Local no construido para habitación",6
"1615","Rosario","Coronel Domínguez","Local no construido para habitación",6
"1604","Rosario","Funes","Local no construido para habitación",11
"1602","Rosario","Granadero Baigorria","Local no construido para habitación",14
"1601","Rosario","Ibarlucea","Local no construido para habitación",2
"1606","Rosario","Pérez","Local no construido para habitación",5
"1610","Rosario","Piñero (Est. Erasto)","Local no construido para habitación",1
"1625","Rosario","Pueblo Esther","Local no construido para habitación",1
"1612","Rosario","Pueblo Muñoz (Est. Bernard)","Local no construido para habitación",3
"1603","Rosario","Rosario","Local no construido para habitación",358
"1622","Rosario","Uranga","Local no construido para habitación",1
"1616","Rosario","Villa Amelia","Local no construido para habitación",1
"1608","Rosario","Villa Gobernador Gálvez","Local no construido para habitación",12
"1605","Rosario","Zavalla","Local no construido para habitación",7
"1617","Rosario","General Lagos","Local no construido para habitación",1
"0706","San Cristóbal","Aguará Grande","Local no construido para habitación",6
"0711","San Cristóbal","Arrufó","Local no construido para habitación",6
"0718","San Cristóbal","Capivara","Local no construido para habitación",1
"0701","San Cristóbal","Ceres","Local no construido para habitación",5
"0717","San Cristóbal","Curupaytí","Local no construido para habitación",3
"0728","San Cristóbal","Colonia Dos Rosas y La Legua","Local no construido para habitación",1
"0704","San Cristóbal","Huanqueros","Local no construido para habitación",3
"0705","San Cristóbal","Las Avispas","Local no construido para habitación",1
"0730","San Cristóbal","Las Palmeras","Local no construido para habitación",1
"0708","San Cristóbal","San Cristóbal","Local no construido para habitación",6
"0716","San Cristóbal","San Guillermo","Local no construido para habitación",8
"0722","San Cristóbal","Soledad","Local no construido para habitación",1
"0726","San Cristóbal","Suardi","Local no construido para habitación",1
"0707","San Cristóbal","Villa Saralegui","Local no construido para habitación",2
"0714","San Cristóbal","Villa Trinidad","Local no construido para habitación",3
"0403","San Javier","Alejandra","Local no construido para habitación",1
"0401","San Javier","Romang","Local no construido para habitación",3
"0404","San Javier","San Javier","Local no construido para habitación",5
"1110","San Jerónimo","Arocena","Local no construido para habitación",1
"1115","San Jerónimo","Barrancas","Local no construido para habitación",6
"1107","San Jerónimo","Campo Piaggio","Local no construido para habitación",1
"1114","San Jerónimo","Casalegno","Local no construido para habitación",1
"1105","San Jerónimo","Coronda","Local no construido para habitación",12
"1119","San Jerónimo","Díaz","Local no construido para habitación",1
"1117","San Jerónimo","Gaboto","Local no construido para habitación",1
"1108","San Jerónimo","Gálvez","Local no construido para habitación",6
"1118","San Jerónimo","Maciel","Local no construido para habitación",1
"1121","San Jerónimo","San Genaro","Local no construido para habitación",6
"0614","San Justo","Angeloni","Local no construido para habitación",1
"0617","San Justo","Cayastacito","Local no construido para habitación",1
"0607","San Justo","Gobernador Crespo","Local no construido para habitación",6
"0611","San Justo","San Justo","Local no construido para habitación",6
"0602","San Justo","La Camila","Local no construido para habitación",2
"0615","San Justo","Videla","Local no construido para habitación",3
"1511","San Lorenzo","Roldán","Local no construido para habitación",9
"1505","San Lorenzo","Capitán Bermúdez","Local no construido para habitación",14
"1509","San Lorenzo","Carcarañá","Local no construido para habitación",7
"1504","San Lorenzo","Fray Luis Beltrán","Local no construido para habitación",7
"1501","San Lorenzo","Timbúes","Local no construido para habitación",2
"1502","San Lorenzo","Puerto General San Martín","Local no construido para habitación",5
"1512","San Lorenzo","Pujato","Local no construido para habitación",2
"1503","San Lorenzo","San Lorenzo","Local no construido para habitación",8
"1206","San Martín","Cañada Rosquín","Local no construido para habitación",4
"1211","San Martín","Carlos Pellegrini","Local no construido para habitación",1
"1212","San Martín","Casas","Local no construido para habitación",2
"1201","San Martín","Castelar","Local no construido para habitación",1
"1205","San Martín","Colonia Belgrano","Local no construido para habitación",2
"1202","San Martín","Crispi","Local no construido para habitación",1
"1215","San Martín","El Trébol","Local no construido para habitación",2
"1210","San Martín","Landeta","Local no construido para habitación",3
"1209","San Martín","Las Petacas","Local no construido para habitación",1
"1217","San Martín","María Susana","Local no construido para habitación",2
"1216","San Martín","Piamonte","Local no construido para habitación",1
"1208","San Martín","San Jorge","Local no construido para habitación",12
"1203","San Martín","Sastre","Local no construido para habitación",2
"0213","Vera","Tartagal","Local no construido para habitación",8
"0205","Vera","Calchaquí","Local no construido para habitación",6
"0202","Vera","Vera","Local no construido para habitación",4
"0207","Vera","Fortín Olmos","Local no construido para habitación",2
"0204","Vera","Margarita","Local no construido para habitación",1
"0203","Vera","La Gallareta","Local no construido para habitación",1
"1306","Belgrano","Armstrong","Vivienda móvil",1
"1303","Belgrano","Las Parejas","Vivienda móvil",2
"1302","Belgrano","Las Rosas","Vivienda móvil",7
"1305","Belgrano","Tortugas","Vivienda móvil",3
"1805","Caseros","Casilda","Vivienda móvil",3
"1806","Caseros","Sanford","Vivienda móvil",1
"1802","Caseros","San José de la Esquina","Vivienda móvil",2
"1809","Caseros","Villada","Vivienda móvil",2
"0832","Castellanos","Bauer y Sigel","Vivienda móvil",1
"0815","Castellanos","Egusquiza","Vivienda móvil",1
"0841","Castellanos","Frontera","Vivienda móvil",1
"0833","Castellanos","Josefina","Vivienda móvil",2
"1901","Constitución","Bombal","Vivienda móvil",3
"1916","Constitución","Empalme Villa Constitución","Vivienda móvil",1
"1903","Constitución","Juncal","Vivienda móvil",2
"1904","Constitución","Máximo Paz (Est. Paz)","Vivienda móvil",1
"0506","Garay","Saladero Mariano Cabal","Vivienda móvil",2
"0501","Garay","Helvecia","Vivienda móvil",1
"0503","Garay","Santa Rosa de Calchines","Vivienda móvil",3
"0505","Garay","Colonia Mascías","Vivienda móvil",1
"1708","General López","Carreras","Vivienda móvil",1
"1712","General López","Chapuy","Vivienda móvil",1
"1704","General López","Chovet","Vivienda móvil",1
"1710","General López","Elortondo","Vivienda móvil",1
"1715","General López","Maggiolo","Vivienda móvil",4
"1717","General López","María Teresa","Vivienda móvil",6
"1727","General López","Rufino","Vivienda móvil",2
"1726","General López","Sancti Spiritu","Vivienda móvil",3
"1716","General López","San Eduardo","Vivienda móvil",1
"1718","General López","Santa Isabel","Vivienda móvil",3
"1723","General López","Teodelina","Vivienda móvil",1
"1713","General López","Venado Tuerto","Vivienda móvil",8
"1719","General López","Villa Cañás","Vivienda móvil",1
"1722","General López","Wheelwright","Vivienda móvil",1
"0322","General Obligado","Berna","Vivienda móvil",2
"0323","General Obligado","Malabrigo","Vivienda móvil",7
"0305","General Obligado","Las Toscas","Vivienda móvil",1
"0303","General Obligado","El Rabón","Vivienda móvil",2
"0320","General Obligado","Reconquista","Vivienda móvil",7
"0324","General Obligado","Los Laureles","Vivienda móvil",7
"0308","General Obligado","Villa Ocampo","Vivienda móvil",1
"0326","General Obligado","La Sarita","Vivienda móvil",1
"1411","Iriondo","Correa","Vivienda móvil",1
"1406","Iriondo","Serodino","Vivienda móvil",1
"1008","La Capital","Arroyo Aguiar","Vivienda móvil",4
"1009","La Capital","Monte Vera","Vivienda móvil",1
"1010","La Capital","Recreo","Vivienda móvil",6
"1011","La Capital","Santa Fe","Vivienda móvil",8
"1012","La Capital","Santo Tomé","Vivienda móvil",1
"1015","La Capital","Arroyo Leyes","Vivienda móvil",1
"1016","La Capital","San José del Rincón","Vivienda móvil",1
"0901","Las Colonias","Elisa","Vivienda móvil",1
"0916","Las Colonias","Esperanza","Vivienda móvil",3
"0103","9 de Julio","San Bernardo","Vivienda móvil",7
"0101","9 de Julio","Gregoria Pérez de Denis (Est. El Nochero)","Vivienda móvil",1
"0110","9 de Julio","Villa Minetti","Vivienda móvil",2
"0104","9 de Julio","Pozo Borrado","Vivienda móvil",3
"0111","9 de Julio","Santa Margarita","Vivienda móvil",1
"0102","9 de Julio","Gato Colorado","Vivienda móvil",2
"0105","9 de Julio","Tostado","Vivienda móvil",1
"1611","Rosario","Álvarez","Vivienda móvil",2
"1618","Rosario","Arroyo Seco","Vivienda móvil",2
"1604","Rosario","Funes","Vivienda móvil",1
"1602","Rosario","Granadero Baigorria","Vivienda móvil",3
"1606","Rosario","Pérez","Vivienda móvil",6
"1625","Rosario","Pueblo Esther","Vivienda móvil",3
"1603","Rosario","Rosario","Vivienda móvil",25
"1622","Rosario","Uranga","Vivienda móvil",1
"1608","Rosario","Villa Gobernador Gálvez","Vivienda móvil",3
"1605","Rosario","Zavalla","Vivienda móvil",1
"0703","San Cristóbal","Ambrosetti","Vivienda móvil",3
"0711","San Cristóbal","Arrufó","Vivienda móvil",1
"0701","San Cristóbal","Ceres","Vivienda móvil",2
"0708","San Cristóbal","San Cristóbal","Vivienda móvil",1
"0707","San Cristóbal","Villa Saralegui","Vivienda móvil",1
"0404","San Javier","San Javier","Vivienda móvil",1
"1110","San Jerónimo","Arocena","Vivienda móvil",2
"1113","San Jerónimo","Bernardo de Irigoyen (Est. Irigoyen)","Vivienda móvil",1
"1122","San Jerónimo","Centeno","Vivienda móvil",1
"1117","San Jerónimo","Gaboto","Vivienda móvil",9
"1118","San Jerónimo","Maciel","Vivienda móvil",1
"0614","San Justo","Angeloni","Vivienda móvil",1
"0601","San Justo","Pedro Gómez Cello","Vivienda móvil",2
"1511","San Lorenzo","Roldán","Vivienda móvil",6
"1509","San Lorenzo","Carcarañá","Vivienda móvil",3
"1504","San Lorenzo","Fray Luis Beltrán","Vivienda móvil",3
"1501","San Lorenzo","Timbúes","Vivienda móvil",1
"1502","San Lorenzo","Puerto General San Martín","Vivienda móvil",1
"1202","San Martín","Crispi","Vivienda móvil",1
"1210","San Martín","Landeta","Vivienda móvil",1
"0208","Vera","Cañada Ombú","Vivienda móvil",1
"0210","Vera","Intiyaco","Vivienda móvil",2
"0213","Vera","Tartagal","Vivienda móvil",1
"0202","Vera","Vera","Vivienda móvil",1
"0207","Vera","Fortín Olmos","Vivienda móvil",3
"0204","Vera","Margarita","Vivienda móvil",2
"1805","Caseros","Casilda","Persona/s viviendo en la calle",1
"0824","Castellanos","Rafaela","Persona/s viviendo en la calle",1
"0821","Castellanos","Vila","Persona/s viviendo en la calle",1
"1917","Constitución","Theobald","Persona/s viviendo en la calle",1
"0501","Garay","Helvecia","Persona/s viviendo en la calle",1
"0505","Garay","Colonia Mascías","Persona/s viviendo en la calle",1
"1702","General López","La Chispa","Persona/s viviendo en la calle",1
"1713","General López","Venado Tuerto","Persona/s viviendo en la calle",1
"0319","General Obligado","Avellaneda","Persona/s viviendo en la calle",1
"0320","General Obligado","Reconquista","Persona/s viviendo en la calle",1
"1402","Iriondo","Totoras","Persona/s viviendo en la calle",1
"1006","La Capital","Nelson","Persona/s viviendo en la calle",1
"1011","La Capital","Santa Fe","Persona/s viviendo en la calle",26
"1012","La Capital","Santo Tomé","Persona/s viviendo en la calle",1
"0105","9 de Julio","Tostado","Persona/s viviendo en la calle",1
"1618","Rosario","Arroyo Seco","Persona/s viviendo en la calle",1
"1604","Rosario","Funes","Persona/s viviendo en la calle",1
"1606","Rosario","Pérez","Persona/s viviendo en la calle",1
"1625","Rosario","Pueblo Esther","Persona/s viviendo en la calle",1
"1603","Rosario","Rosario","Persona/s viviendo en la calle",69
"1608","Rosario","Villa Gobernador Gálvez","Persona/s viviendo en la calle",5
"1617","Rosario","General Lagos","Persona/s viviendo en la calle",1
"0404","San Javier","San Javier","Persona/s viviendo en la calle",2
"1105","San Jerónimo","Coronda","Persona/s viviendo en la calle",1
"0607","San Justo","Gobernador Crespo","Persona/s viviendo en la calle",1
"0611","San Justo","San Justo","Persona/s viviendo en la calle",2
"1504","San Lorenzo","Fray Luis Beltrán","Persona/s viviendo en la calle",1
"1501","San Lorenzo","Timbúes","Persona/s viviendo en la calle",2
"1502","San Lorenzo","Puerto General San Martín","Persona/s viviendo en la calle",1
"0205","Vera","Calchaquí","Persona/s viviendo en la calle",1
"0202","Vera","Vera","Persona/s viviendo en la calle",1
